{
  "hardware": {
    "os": "Windows 10 (AMD64)",
    "cpu": "12th Gen Intel(R) Core(TM) i7-12650H",
    "ram": "15.71 GB",
    "python_version": "3.11.9"
  },
  "config": {
    "model": "qwen2.5:7b",
    "embedding_model": "nomic-embed-text:latest",
    "seed": 42,
    "max_cluster_size": 8,
    "vulnerability_budget": 1.5,
    "similarity_threshold": 0.75,
    "correlation_runs": 20
  },
  "summary": {
    "baseline_a": {
      "sdr_mean": 0.49793000000000004,
      "coverage_mean": 0.84453,
      "aps_mean": 0.81667,
      "runtime_mean": 6.124919366836548
    },
    "baseline_b": {
      "sdr_mean": 0.48277000000000003,
      "coverage_mean": 0.8749199999999998,
      "aps_mean": 0.9166700000000001,
      "runtime_mean": 5.395751047134399
    },
    "baseline_c": {
      "sdr_mean": 0.50636,
      "coverage_mean": 0.87173,
      "aps_mean": 0.9888899999999999,
      "runtime_mean": 4.4967458009719845
    },
    "baseline_d": {
      "sdr_mean": 0.82623,
      "coverage_mean": 0.85815,
      "aps_mean": 0.75556,
      "runtime_mean": 18.114453983306884
    },
    "smart_graph": {
      "sdr_mean": 0.6713199999999999,
      "coverage_mean": 0.88182,
      "aps_mean": 0.96667,
      "runtime_mean": 23.36670331954956
    }
  },
  "stats": {
    "embedding_calls": 0,
    "generation_calls": 151,
    "cache_hit_rate": 1.0,
    "total_runtime_seconds": 1349.955900669098
  },
  "statistical_tests": {
    "baseline_a_vs_smart": {
      "t_stat": -1.3991930837972888,
      "p_value": 0.19526254890117203,
      "cohens_d": -0.44246370311542693
    },
    "baseline_b_vs_smart": {
      "t_stat": -1.2891230507957467,
      "p_value": 0.22950056948390818,
      "cohens_d": -0.4076565024739497
    },
    "baseline_c_vs_smart": {
      "t_stat": -1.3222020386715772,
      "p_value": 0.2187160994564007,
      "cohens_d": -0.4181169969120216
    },
    "baseline_d_vs_smart": {
      "t_stat": 0.7483981469260865,
      "p_value": 0.4733230953548203,
      "cohens_d": 0.23666427409357757
    }
  },
  "runs": [
    {
      "graph_name": "WebNLG_Monument",
      "scale": 4,
      "mode": "baseline_a",
      "strict_sdr": 2.75,
      "strict_coverage": 0.0,
      "smga_sdr": 0.75,
      "smga_coverage": 1.0,
      "aps": 1.0,
      "omissions": 0,
      "hallucinations": 3,
      "runtime": 4.495689630508423,
      "generation_calls": 1
    },
    {
      "graph_name": "WebNLG_Monument",
      "scale": 4,
      "mode": "baseline_b",
      "strict_sdr": 3.0,
      "strict_coverage": 0.0,
      "smga_sdr": 1.0,
      "smga_coverage": 1.0,
      "aps": 1.0,
      "omissions": 0,
      "hallucinations": 4,
      "runtime": 3.0402283668518066,
      "generation_calls": 1
    },
    {
      "graph_name": "WebNLG_Monument",
      "scale": 4,
      "mode": "baseline_c",
      "strict_sdr": 3.0,
      "strict_coverage": 0.0,
      "smga_sdr": 1.0,
      "smga_coverage": 1.0,
      "aps": 1.0,
      "omissions": 0,
      "hallucinations": 4,
      "runtime": 3.607372283935547,
      "generation_calls": 1
    },
    {
      "graph_name": "WebNLG_Monument",
      "scale": 4,
      "mode": "baseline_d",
      "strict_sdr": 2.75,
      "strict_coverage": 0.0,
      "smga_sdr": 0.75,
      "smga_coverage": 1.0,
      "aps": 1.0,
      "omissions": 0,
      "hallucinations": 3,
      "runtime": 4.6390345096588135,
      "generation_calls": 1
    },
    {
      "graph_name": "WebNLG_Monument",
      "scale": 4,
      "mode": "smart_graph",
      "strict_sdr": 3.25,
      "strict_coverage": 0.0,
      "smga_sdr": 1.25,
      "smga_coverage": 1.0,
      "aps": 1.0,
      "omissions": 0,
      "hallucinations": 5,
      "runtime": 3.0276432037353516,
      "generation_calls": 1
    },
    {
      "graph_name": "WebNLG_Food",
      "scale": 5,
      "mode": "baseline_a",
      "strict_sdr": 2.8,
      "strict_coverage": 0.0,
      "smga_sdr": 0.8,
      "smga_coverage": 1.0,
      "aps": 1.0,
      "omissions": 0,
      "hallucinations": 4,
      "runtime": 6.242482423782349,
      "generation_calls": 1
    },
    {
      "graph_name": "WebNLG_Food",
      "scale": 5,
      "mode": "baseline_b",
      "strict_sdr": 2.4,
      "strict_coverage": 0.0,
      "smga_sdr": 0.4,
      "smga_coverage": 1.0,
      "aps": 1.0,
      "omissions": 0,
      "hallucinations": 2,
      "runtime": 5.183761358261108,
      "generation_calls": 1
    },
    {
      "graph_name": "WebNLG_Food",
      "scale": 5,
      "mode": "baseline_c",
      "strict_sdr": 2.4,
      "strict_coverage": 0.0,
      "smga_sdr": 0.4,
      "smga_coverage": 1.0,
      "aps": 1.0,
      "omissions": 0,
      "hallucinations": 2,
      "runtime": 3.119032621383667,
      "generation_calls": 1
    },
    {
      "graph_name": "WebNLG_Food",
      "scale": 5,
      "mode": "baseline_d",
      "strict_sdr": 3.0,
      "strict_coverage": 0.0,
      "smga_sdr": 1.0,
      "smga_coverage": 1.0,
      "aps": 1.0,
      "omissions": 0,
      "hallucinations": 5,
      "runtime": 11.443329811096191,
      "generation_calls": 3
    },
    {
      "graph_name": "WebNLG_Food",
      "scale": 5,
      "mode": "smart_graph",
      "strict_sdr": 2.8,
      "strict_coverage": 0.0,
      "smga_sdr": 0.8,
      "smga_coverage": 1.0,
      "aps": 1.0,
      "omissions": 0,
      "hallucinations": 4,
      "runtime": 6.082524538040161,
      "generation_calls": 1
    },
    {
      "graph_name": "WebNLG_Company",
      "scale": 5,
      "mode": "baseline_a",
      "strict_sdr": 2.4,
      "strict_coverage": 0.0,
      "smga_sdr": 0.4,
      "smga_coverage": 1.0,
      "aps": 1.0,
      "omissions": 0,
      "hallucinations": 2,
      "runtime": 3.6374404430389404,
      "generation_calls": 1
    },
    {
      "graph_name": "WebNLG_Company",
      "scale": 5,
      "mode": "baseline_b",
      "strict_sdr": 3.0,
      "strict_coverage": 0.0,
      "smga_sdr": 1.0,
      "smga_coverage": 1.0,
      "aps": 1.0,
      "omissions": 0,
      "hallucinations": 5,
      "runtime": 5.710836172103882,
      "generation_calls": 1
    },
    {
      "graph_name": "WebNLG_Company",
      "scale": 5,
      "mode": "baseline_c",
      "strict_sdr": 2.4,
      "strict_coverage": 0.0,
      "smga_sdr": 0.4,
      "smga_coverage": 1.0,
      "aps": 1.0,
      "omissions": 0,
      "hallucinations": 2,
      "runtime": 4.3318541049957275,
      "generation_calls": 1
    },
    {
      "graph_name": "WebNLG_Company",
      "scale": 5,
      "mode": "baseline_d",
      "strict_sdr": 3.8,
      "strict_coverage": 0.0,
      "smga_sdr": 2.2,
      "smga_coverage": 0.8,
      "aps": 0.0,
      "omissions": 1,
      "hallucinations": 10,
      "runtime": 20.358863353729248,
      "generation_calls": 3
    },
    {
      "graph_name": "WebNLG_Company",
      "scale": 5,
      "mode": "smart_graph",
      "strict_sdr": 2.4,
      "strict_coverage": 0.0,
      "smga_sdr": 0.4,
      "smga_coverage": 1.0,
      "aps": 1.0,
      "omissions": 0,
      "hallucinations": 2,
      "runtime": 4.36274266242981,
      "generation_calls": 1
    },
    {
      "graph_name": "WebNLG_University",
      "scale": 6,
      "mode": "baseline_a",
      "strict_sdr": 1.8333,
      "strict_coverage": 0.0,
      "smga_sdr": 0.5,
      "smga_coverage": 0.6667,
      "aps": 1.0,
      "omissions": 2,
      "hallucinations": 1,
      "runtime": 3.5138063430786133,
      "generation_calls": 1
    },
    {
      "graph_name": "WebNLG_University",
      "scale": 6,
      "mode": "baseline_b",
      "strict_sdr": 1.5,
      "strict_coverage": 0.1667,
      "smga_sdr": 0.1667,
      "smga_coverage": 0.8333,
      "aps": 1.0,
      "omissions": 1,
      "hallucinations": 0,
      "runtime": 4.762251853942871,
      "generation_calls": 1
    },
    {
      "graph_name": "WebNLG_University",
      "scale": 6,
      "mode": "baseline_c",
      "strict_sdr": 2.5,
      "strict_coverage": 0.0,
      "smga_sdr": 0.5,
      "smga_coverage": 1.0,
      "aps": 1.0,
      "omissions": 0,