{
  "hardware": {
    "os": "Windows 10 (AMD64)",
    "cpu": "12th Gen Intel(R) Core(TM) i7-12650H",
    "ram": "15.71 GB",
    "python_version": "3.11.9"
  },
  "config": {
    "model": "qwen2.5:7b",
    "embedding_model": "nomic-embed-text:latest",
    "seed": 42,
    "max_cluster_size": 8,
    "vulnerability_budget": 1.5,
    "similarity_threshold": 0.75,
    "correlation_runs": 20
  },
  "summary": {
    "baseline_a": {
      "sdr_mean": 0.5584,
      "coverage_mean": 0.82362,
      "aps_mean": 0.80556,
      "runtime_mean": 5.153440332412719
    },
    "baseline_b": {
      "sdr_mean": 0.42973,
      "coverage_mean": 0.89538,
      "aps_mean": 0.9777799999999999,
      "runtime_mean": 4.493077635765076
    },
    "baseline_c": {
      "sdr_mean": 0.54348,
      "coverage_mean": 0.8632200000000001,
      "aps_mean": 0.9777799999999999,
      "runtime_mean": 4.5179359197616575
    },
    "baseline_d": {
      "sdr_mean": 0.7906899999999999,
      "coverage_mean": 0.8918099999999999,
      "aps_mean": 0.82778,
      "runtime_mean": 12.433599853515625
    },
    "smart_graph": {
      "sdr_mean": 0.6760499999999999,
      "coverage_mean": 0.8882,
      "aps_mean": 0.96667,
      "runtime_mean": 21.328154349327086
    }
  },
  "stats": {
    "embedding_calls": 0,
    "generation_calls": 151,
    "cache_hit_rate": 1.0,
    "total_runtime_seconds": 1276.4431970119476
  },
  "statistical_tests": {
    "baseline_a_vs_smart": {
      "t_stat": -0.9922620192623445,
      "p_value": 0.3469961409965158,
      "cohens_d": -0.3137808016546878
    },
    "baseline_b_vs_smart": {
      "t_stat": -1.7306666120057674,
      "p_value": 0.1175619781880609,
      "cohens_d": -0.5472848364345135
    },
    "baseline_c_vs_smart": {
      "t_stat": -1.0272797600281651,
      "p_value": 0.33110531882971406,
      "cohens_d": -0.32485438358802
    },
    "baseline_d_vs_smart": {
      "t_stat": 0.5358059350842309,
      "p_value": 0.6050791295206838,
      "cohens_d": 0.16943671387024922
    }
  },
  "runs": [
    {
      "graph_name": "WebNLG_Monument",
      "scale": 4,
      "mode": "baseline_a",
      "strict_sdr": 3.0,
      "strict_coverage": 0.0,
      "smga_sdr": 1.0,
      "smga_coverage": 1.0,
      "aps": 1.0,
      "omissions": 0,
      "hallucinations": 4,
      "runtime": 2.045992374420166,
      "generation_calls": 1
    },
    {
      "graph_name": "WebNLG_Monument",
      "scale": 4,
      "mode": "baseline_b",
      "strict_sdr": 3.0,
      "strict_coverage": 0.0,
      "smga_sdr": 1.0,
      "smga_coverage": 1.0,
      "aps": 1.0,
      "omissions": 0,
      "hallucinations": 4,
      "runtime": 2.8819940090179443,
      "generation_calls": 1
    },
    {
      "graph_name": "WebNLG_Monument",
      "scale": 4,
      "mode": "baseline_c",
      "strict_sdr": 3.0,
      "strict_coverage": 0.0,
      "smga_sdr": 1.0,
      "smga_coverage": 1.0,
      "aps": 1.0,
      "omissions": 0,
      "hallucinations": 4,
      "runtime": 3.3241491317749023,
      "generation_calls": 1
    },
    {
      "graph_name": "WebNLG_Monument",
      "scale": 4,
      "mode": "baseline_d",
      "strict_sdr": 3.0,
      "strict_coverage": 0.0,
      "smga_sdr": 1.0,
      "smga_coverage": 1.0,
      "aps": 1.0,
      "omissions": 0,
      "hallucinations": 4,
      "runtime": 2.0684609413146973,
      "generation_calls": 1
    },
    {
      "graph_name": "WebNLG_Monument",
      "scale": 4,
      "mode": "smart_graph",
      "strict_sdr": 3.25,
      "strict_coverage": 0.0,
      "smga_sdr": 1.25,
      "smga_coverage": 1.0,
      "aps": 1.0,
      "omissions": 0,
      "hallucinations": 5,
      "runtime": 2.424867868423462,
      "generation_calls": 1
    },
    {
      "graph_name": "WebNLG_Food",
      "scale": 5,
      "mode": "baseline_a",
      "strict_sdr": 2.8,
      "strict_coverage": 0.0,
      "smga_sdr": 0.8,
      "smga_coverage": 1.0,
      "aps": 1.0,
      "omissions": 0,
      "hallucinations": 4,
      "runtime": 4.80536150932312,
      "generation_calls": 1
    },
    {
      "graph_name": "WebNLG_Food",
      "scale": 5,
      "mode": "baseline_b",
      "strict_sdr": 2.0,
      "strict_coverage": 0.0,
      "smga_sdr": 0.0,
      "smga_coverage": 1.0,
      "aps": 1.0,
      "omissions": 0,
      "hallucinations": 0,
      "runtime": 3.9068713188171387,
      "generation_calls": 1
    },
    {
      "graph_name": "WebNLG_Food",
      "scale": 5,
      "mode": "baseline_c",
      "strict_sdr": 2.4,
      "strict_coverage": 0.0,
      "smga_sdr": 0.4,
      "smga_coverage": 1.0,
      "aps": 1.0,
      "omissions": 0,
      "hallucinations": 2,
      "runtime": 4.454079627990723,
      "generation_calls": 1
    },
    {
      "graph_name": "WebNLG_Food",
      "scale": 5,
      "mode": "baseline_d",
      "strict_sdr": 3.0,
      "strict_coverage": 0.0,
      "smga_sdr": 1.0,
      "smga_coverage": 1.0,
      "aps": 1.0,
      "omissions": 0,
      "hallucinations": 5,
      "runtime": 8.049903154373169,
      "generation_calls": 3
    },
    {
      "graph_name": "WebNLG_Food",
      "scale": 5,
      "mode": "smart_graph",
      "strict_sdr": 2.8,
      "strict_coverage": 0.0,
      "smga_sdr": 0.8,
      "smga_coverage": 1.0,
      "aps": 1.0,
      "omissions": 0,
      "hallucinations": 4,
      "runtime": 4.588347434997559,
      "generation_calls": 1
    },
    {
      "graph_name": "WebNLG_Company",
      "scale": 5,
      "mode": "baseline_a",
      "strict_sdr": 2.4,
      "strict_coverage": 0.0,
      "smga_sdr": 0.4,
      "smga_coverage": 1.0,
      "aps": 1.0,
      "omissions": 0,
      "hallucinations": 2,
      "runtime": 3.100231170654297,
      "generation_calls": 1
    },
    {
      "graph_name": "WebNLG_Company",
      "scale": 5,
      "mode": "baseline_b",
      "strict_sdr": 3.0,
      "strict_coverage": 0.0,
      "smga_sdr": 1.0,
      "smga_coverage": 1.0,
      "aps": 1.0,
      "omissions": 0,
      "hallucinations": 5,
      "runtime": 4.76325249671936,
      "generation_calls": 1
    },
    {
      "graph_name": "WebNLG_Company",
      "scale": 5,
      "mode": "baseline_c",
      "strict_sdr": 2.4,
      "strict_coverage": 0.0,
      "smga_sdr": 0.4,
      "smga_coverage": 1.0,
      "aps": 1.0,
      "omissions": 0,
      "hallucinations": 2,
      "runtime": 3.293208360671997,
      "generation_calls": 1
    },
    {
      "graph_name": "WebNLG_Company",
      "scale": 5,
      "mode": "baseline_d",
      "strict_sdr": 3.8,
      "strict_coverage": 0.0,
      "smga_sdr": 2.2,
      "smga_coverage": 0.8,
      "aps": 0.0,
      "omissions": 1,
      "hallucinations": 10,
      "runtime": 11.748812675476074,
      "generation_calls": 3
    },
    {
      "graph_name": "WebNLG_Company",
      "scale": 5,
      "mode": "smart_graph",
      "strict_sdr": 2.4,
      "strict_coverage": 0.0,
      "smga_sdr": 0.4,
      "smga_coverage": 1.0,
      "aps": 1.0,
      "omissions": 0,
      "hallucinations": 2,
      "runtime": 4.166457891464233,
      "generation_calls": 1
    },
    {
      "graph_name": "WebNLG_University",
      "scale": 6,
      "mode": "baseline_a",
      "strict_sdr": 1.8333,
      "strict_coverage": 0.0,
      "smga_sdr": 0.5,
      "smga_coverage": 0.6667,
      "aps": 1.0,
      "omissions": 2,
      "hallucinations": 1,
      "runtime": 2.8676979541778564,
      "generation_calls": 1
    },
    {
      "graph_name": "WebNLG_University",
      "scale": 6,
      "mode": "baseline_b",
      "strict_sdr": 1.5,
      "strict_coverage": 0.1667,
      "smga_sdr": 0.1667,
      "smga_coverage": 0.8333,
      "aps": 1.0,
      "omissions": 1,
      "hallucinations": 0,
      "runtime": 3.7578256130218506,
      "generation_calls": 1
    },
    {
      "graph_name": "WebNLG_University",
      "scale": 6,
      "mode": "baseline_c",
      "strict_sdr": 2.5,
      "strict_coverage": 0.0,
      "smga_sdr": 0.5,
      "smga_coverage": 1.0,
      "aps": 1.0,
      "omissions": 0,
      "hallucinations": 3,