{
  "pearson": {
    "correlation": 0.379543935431388,
    "p_value": 0.006559026050502448
  },
  "spearman": {
    "correlation": 0.5311824380629894,
    "p_value": 7.222086114805184e-05
  }
}