{
  "smart_vs_flat": 0.2629869882671984,
  "smart_vs_random": 0.06442496838416659,
  "smart_vs_sos": 0.09358942005339269
}